Tweet ID,label
1242553623260868608,0
1246508137638580225,0
1233468243534372865,0
1243626072387747841,1
1225611530978217989,0
1238081115182764032,1
1246282568414179329,0
1232094383924707328,0
1238072679694864384,1
1245152684820348929,0
1245357525400051712,2
1245999294139772928,0
1230523783708061696,0
1237480830097862658,0
1247596322657570823,0
1244721630351327232,1
1230394065004453888,0
1230515621315710977,0
1226914308270981128,0
1244262818595000325,2
1230292697694580736,0
1244844999566446592,2
1244398148174438400,0
1235395447214288897,0
1234510147667365888,2
1233532837179072517,0
1245035261030838272,2
1238017385761656832,2
1241506262216593409,1
1245443836777648128,0
1246160110327451648,2
1245414160978059265,2
1244154521007382533,2
1246708748187508737,0
1230562435406262274,0
1243686788566261760,1
1230303021361455105,0
1244895530720710656,2
1248843547588956161,0
1233478805089660938,0
1230576964039110656,2
1233076366595231749,0
1231556600806006784,2
1233029080188178432,2
1232904856706387974,0
1233929223057952768,2
1247987218104418307,1
1235919939992793089,0
1235726240142614528,0
1250702028227084288,0
1241856243389665281,0
1232134892395409410,0
1244305480756969472,0
1232259093131337728,2
1238550122964885506,0
1232422497112510464,0
1244909504581402624,0
1229659140160708609,0
1239415958994694146,0
1246435376778149888,0
1222222855972311040,0
1245036209593868294,0
1230313284437409792,0
1233637273620471808,2
1244234722689142790,2
1242723377774653440,0
1249375808197623809,0
1232282471217192960,0
1237897676357697536,2
1247593587602329600,1
1249028927026352130,1
1235337135470895107,0
1232416225378041857,0
1237928944826908673,0
1232182213527076865,0
1245722072887803904,1
1238373939702792193,0
1246125547962470404,0
1245002984238407687,2
1240651898484596738,0
1243316826425221120,1
1244426009551802371,0
1232396889355640832,0
1243387874021527553,1
1230619136641916930,0
1240612147626782721,0
1245072394919829505,1
1245089203081424896,0
1244434146346188802,1
1224289594780286976,1
1245079952183177219,1
1244614381469663232,2
1230354138329997312,2
1240505396965638144,1
1248291619293425665,0
1243586181645959171,1
1226942099582570500,0
1230828275473272834,1
1232989734235852800,0
1230437310182850560,0
1238094766610546689,2
1245984716290805763,0
1246067351256068100,1
1245036409355997185,1
1230489380969566211,0
1242933361913536513,1
1242065438969864195,2
1237596625876312064,0
1245436433965277184,0
1239919304130387969,2
1245351953355493379,0
1233136273742655489,0
1244614319934967809,2
1243318352933564416,1
1225858274731397121,1
1240349128028274694,0
1246190880639385606,1
1231391009961103360,0
1230388499792220163,0
1246150567015124992,0
1241063845587603458,1
1230288781649031169,1
1230338380266758144,0
1246556275355406338,1
1245384161994686464,2
1246310707718569984,0
1232418907887149057,2
1242254603934150656,1
1232251751035756548,0
1230576894044758017,0
1230641311226748928,0
1245674642611855364,2
1230428094684704768,0
1247741825101807617,1
1245474455519989765,2
1230596654484508672,0
1230321735012147203,0
1248379368981671945,0
1230292706414530560,0
1244642467896410114,0
1245519906239635457,0
1241030170229846021,1
1233173703900397569,2
1230636458656092168,0
1240397882198548484,0
1241484767826149377,1
1244241826971697153,0
1247815599058796544,1
1250910666275209216,0
1246565952420003844,0
1240630926184308737,0
1245404414820614144,0
1246306339640377345,2
1230072523485663232,0
1232830437321531392,0
1230592374486831104,0
1218419830874935296,0
1232343696693174272,2
1245451152826777607,1
1227473285350383616,0
1233061692856246274,0
1233628481973407747,0
1233098166142029824,0
1244638766104379393,0
1245927272361549825,0
1245681608688111628,0
1230754817938616320,0
1246431013301112832,1
1244991209455652866,0
1245537694291124224,2
1238105210192637955,1
1247280663289409536,1
1230497938159407104,0
1232403973522542598,0
1245173373748924416,2
1247721203474800641,1
1230589166594949120,0
1245346424432111618,2
1247276454565621762,1
1250778545196056576,0
1222703699811807232,0
1234637554760028160,1
1246550176375787520,1
1244785273432674304,0
1237980937914322944,0
1232173959791005697,0
1230610237821841410,0
1244110316201484288,1
1241555230963032065,1
1243663202526867458,1
1244471456031014913,2
1232985143326859265,0
1233045686381400064,0
1246517287085113345,0
1233002713614606338,0
1232937510440853504,2
1244244597406085121,2
1244415644428152833,1
1235184741927788547,0
1232159419321860097,0
1237234477866397696,0
1230281549209194496,0
1232865556656771072,0
1230541564998406144,0
1225074906196533248,0
1230492637184000001,1
1230874656208498688,1
1230621128126869505,0
1237973383188340736,1
1239902579611643906,0
1241034151618154498,1
1246164724917526528,2
1232374292655984641,0
1246270433776656384,1
1245706113456181248,0
1230456902422679552,0
1245401659724967936,2
1239165836167761921,0
1231633789501214721,0
1245378663081631744,2
1235747496489435136,0
1230345214977462273,0
1243615041003433985,1
1240241254966931456,0
1245521080166625282,0
1233729579715584002,2
1238068891731058694,0
1233179798454886405,2
1241063784501915648,0
1232865950321364993,0
1241585749830635522,1
1244317108269469702,2
1232383337664253964,0
1241520669675921409,0
1240468438067236865,1
1238077603799433216,2
1244360959054860288,1
1240568989664915458,0
1242666742242897921,1
1231617884402532352,0
1240338334418944013,0
1232330840371318788,0
1230366388566593536,0
1240289792384008192,1
1239107985118498817,2
1232377343345213440,0
1242965214456356866,1
1230437921276256257,0
1223182938579271683,0
1245679439280824322,2
1230479377110048768,0
1245514309444104192,0
1246395595230572544,2
1237423670152355846,1
1244506192627609601,2
1245349602724904963,1
1232251604109348865,0
1241325559478734850,1
1244634555916713986,1
1245695793505452032,2
1230292703977594885,0
1244230019548938240,2
1249148908707745793,0
1237913937422643200,0
1244383198878056448,2
1233598006945034241,0
1232358825153294336,2
1237897752098430976,0
1230611325585436675,0
1234662710379339776,1
1231350467416018945,0
1244980592615116800,2
1222381584231223296,0
1245955261375766529,2
1244648577600634881,0
1241019889143463936,1
1235991067549478912,0
1230315181596647424,0
1245350969594036225,2
1232110373811060737,0
1245318447216590849,0
1245265516614365185,2
1245482979406872576,2
1222895400085901312,0
1230400291310190592,0
1230356855366524928,0
1241329279000031234,0
1242530499035140096,0
1232398616708280320,0
1224872015049314305,1
1230609184519065600,0
1230347723091542016,1
1230331176361000960,2
1247927187409448960,0
1245468563571343361,0
1222828429579517952,0
1230618782818803712,0
1244846994041921541,2
1246431723174408192,2
1248032814077038592,0
1233723301098184706,0
1230301228963221506,0
1232831884750512128,0
1244651365353369600,2
1241106305995202560,0
1230682105249550336,0
1237276186247495680,0
1244422731447271427,2
1245446140402659329,1
1245101757719613443,0
1249380710483460096,0
1241475501148925952,0
1233567381571522561,0
1246502601857925121,0
1245846151372238850,0
1230507629744549888,1
1244671929925025801,1
1230443448446132227,0
1223454745001517060,1
1245429142234988546,2
1232847785994539008,0
1238074239632265217,0
1237947315899465731,2
1246411222062444544,0
1230577937629368320,0
1230581627639783430,0
1233807057251438592,0
1238204917287960610,1
1245232726095073280,2
1232923177749225472,0
1250883847094284288,0
1243116410336718849,1
1230486610589966336,0
1234697827919581184,0
1244513026323050497,1
1232967326234009601,2
1244645967854555144,0
1230304878045483009,0
1246394273534107649,2
1241314550487699457,0
1245502582593912833,2
1233114203839508481,0
1244817315549474820,0
1237913824226762754,0
1247655122030608384,1
1244347200764690432,2
1244323967588057093,2
1246950259210752001,0
1221825917133246465,0
1233654264662253568,0
1244951191525699584,2
1245332651126513667,2
1246115157048086533,0
1238098789065506817,1
1230552940902940672,1
1223789298136141824,1
1244853246180470784,2
1238102274515361794,0
1232400612622401536,0
1239718620378193928,1
1249003243725717506,0
1240816941385650176,0
1246835981589905414,1
1233068379608625152,0
1244319237008584704,1
1230320318402699266,0
1224019102940848129,0
1230432733136117760,0
1232416127852171265,0
1246113461018468353,2
1245462714648010752,2
1245261157650186240,1
1249293021457395712,0
1250732457042853894,0
1246071811772764160,0
1246020558539706368,0
1230573318534643712,0
1231267813224001536,2
1245130256614227969,0
1233646283727851520,0
1244412849088122880,1
1233114824629944320,0
1248901484978159621,1
1233267105174302722,0
1241385529247068161,1
1231480091533828097,0
1231430461928267776,0
1244161721427562497,2
1230677371386245121,0
1246285396566310920,0
1246395472014716931,0
1233736162226905089,0
1230544807904370688,0
1245404133865058304,1
1244042516371927040,1
1245716326020042752,0
1240692660911788032,0
1247279084381626368,1
1233648647717425153,0
1245315016963903489,0
1248100987023187968,1
1222975389783322624,0
1230381991008169985,1
1241937746912055297,0
1249102625804406785,0
1233013994451062785,0
1244336058852085760,2
1244365899513171975,0
1228046161719779330,0
1244250564654858240,2
1245526424234020864,2
1244646890555269120,1
1245391558846922753,0
1244461965109530624,2
1230506821649039360,0
1245357862920040455,0
1244320002141868032,0
1245014144585170944,0
1249004520585207808,1
1230406918394478592,0
1232397458182832128,0
1231365671474401280,0
1243830935377739777,0
1241505064788746240,1
1230489930792607744,0
1247097170945355777,1
1245362636939767809,0
1230580319746764803,0
1245383572451557376,0
1230439378918367232,0
1246447907081015296,2
1247679819623489537,1
1235550749712625666,0
1245968867383332864,0
1230507834904739840,0
1237963954929856522,0
1245254282301095936,2
1224366114936803329,1
1233087705078206465,0
1244652740925587458,0
1230481942203830273,0
1237893729249157121,2
1230405643263045632,1
1230438320649359360,0
1239933018673905665,0
1238040005504839680,1
1240407103094894599,1
1240336201023918081,1
1244433777839017984,1
1244367301882888198,1
1246576069207109634,2
1230518181376118786,0
1246386588436684800,2
1246467059405316096,2
1244174449579970561,1
1236317258995171329,0
1232388458179682304,0
1245267384396664832,2
1231556283901317120,0
1223577531351089155,0
1245379133003227137,0
1244552552403828737,1
1244650547870707713,0
1245143559482650625,1
1244593253934075904,0
1245953652478574592,2
1240365735618240516,0
1230539803101466625,0
1244540989877841921,0
1240309127202684930,1
1232285604307783680,0
1244490582044618752,0
1246149315451662336,2
1233081684918198273,2
1230507830014291969,0
1233747286469021696,0
1230557854374879232,0
1245716362909097984,1
1244178056031469569,2
1230511101990842369,0
1247004803395354624,1
1237941313993048064,1
1240370546484760576,0
1249113932125450240,1
1246767025072082946,1
1245089961067442176,2
1241866244451643392,0
1239693358634680320,0
1244489059713466368,0
1238097383868653570,2
1243190244788170752,0
1231104838487789568,0
1244588049536704512,0
1237879142177103872,0
1245879772577771524,0
1242641530826797058,0
1245409291529420800,0
1241889156688683010,1
1230297785766830081,0
1238089804832595970,0
1230798912056938496,0
1237935747987984385,0
1246291514990432256,0
1244807778075430912,2
1245567399056699393,1
1233766955921924096,0
1232840620751884288,0
1222196927539712000,0
1230526027606233095,0
1248655509206388736,1
1246420220752740352,0
1247510825071448065,1
1227490284423958529,0
1230585380338008067,0
1237903019980787712,0
1230443869898039297,0
1240674200769216513,0
1241010481801773056,1
1230416630213234688,0
1240088193824886784,1
1245373296578871297,2
1246349133771763712,2
1238935938069336064,0
1241828271156875267,1
1243233350535561221,1
1232379567999864833,0
1244857888230629377,1
1243908998648270848,0
1245547217978634240,0
1246301341208719360,2
1231715313592332288,0
1246350576415318017,0
1228596804834357248,0
1230359920731537408,0
1222737496007532545,0
1231252199520423936,0
1246265080381145090,1
1230283375916744704,0
1244555427481878528,2
1244345215181156353,2
1245078318367387648,2
1245964659892424706,2
1251184601038565378,0
1241988066295848964,1
1245398505469902849,0
1244272816410841092,2
1246282131023769606,0
1233767106757513216,0
1240241502745485313,1
1235196824039849984,0
1245066085226950658,0
1246519486519349255,0
1242233561979158529,0
1246536603356368897,2
1230512074679312384,0
1230341595192492032,0
1244208053580423168,2
1245027169513832448,2
1237951945844731906,2
1234589935136583685,0
1245896910034161664,2
1251024887025528832,0
1230496340507086851,0
1232886763921735680,0
1242214637766049798,0
1244505122622722048,0
1238044116354830336,2
1244282226008666112,2
1230300958485147648,0
1244975147850833921,2
1230443649093128193,0
1238055528850481152,0
1245715712330674176,0
1233117671597772800,0
1240591547613265921,1
1248077084481724416,0
1245120060806418432,1
1237160133098115072,0
1249812576017448961,0
1248346261897568262,0
1230497843020009473,0
1244481035330617344,2
1232330731411603457,0
1244605930140033025,0
1232918007728365568,0
1247595754035740672,1
1246552628772974593,0
1250253906547859458,0
1230296919857139714,0
1243137404590067714,1
1223810442771890178,0
1234003708796719104,0
1241507368539750400,1
1230571250457731072,0
1246086350736105479,2
1233599433947807745,0
1245321164731363328,0
1245375540267118596,1
1245901008540250112,0
1247192017102409728,0
1245682426623471616,2
1245195755410706439,0
1232124452067921920,2
1232871793838288896,1
1245203360023789568,0
1232881435469545473,0
1246067527651938304,0
1226058977579896834,0
1245818707458142208,0
1246421727145414662,2
1246265687561113603,0
1230396513140006914,0
1248496527565193219,1
1239947800227520518,0
1232218078706094081,1
1229110170019450880,0
1240272797403774976,0
1234753027782959105,0
1244632119202152449,2
1240900650520600576,0
1240908041437970432,1
1245605771250810880,2
1247570188964450304,1
1223916490224586752,1
1242386640565395457,1
1245164143407017984,0
1233714738917511169,0
1237892442222977024,0
1237903989426909184,1
1246991858359730176,1
1237261355960467456,0
1230465323754835968,2
1243294243789000704,2
1230391249112305664,0
1241070237786632193,1
1245442840714502145,0
1246493933489750022,0
1236902281720684545,0
1237825872737890304,0
1244599246336282626,2
1245870861703237632,0
1245016855896563712,2
1238097782520647681,0
1251044499163279360,0
1230306166460297218,0
1230612041095880704,0
1232448897848500227,2
1246010061228584962,1
1241819398546976768,0
1232871678033592320,0
1224444313993535490,1
1246005612485500933,2
1233106532344135680,0
1225723022490779649,0
1246271020790616064,1
1224446854961610752,1
1237707569164095488,1
1232134732764385280,0
1243549144205180930,1
1232187798662320128,0
1230513538071961601,0
1238234571004493826,1
1244396183545458689,2
1232943911477268480,2
1233057787321544705,0
1237445170129403904,1
1244320577906601984,1
1232289811559600129,0
1250726743196889089,0
1246337447618904064,0
1230385524612816897,2
1237800640849592321,0
1237086738822070272,0
1230542740196335616,0
1232343209197625344,0
1249498403983089664,0
1243600157289189381,1
1244667828533411842,1
1226441519781089280,0
1234917568999239681,0
1232230558551461890,0
1238067931503890432,0
1230297330697605120,0
1245895539620642817,2
1221817218410991617,0
1225861379183316994,1
1246232455570501632,0
1232424727282638850,0
1249026235856031745,0
1245461582211092486,2
1244552790350888962,2
1245340231156580352,0
1233606500632842240,0
1233182756361793537,0
1245236631235256325,2
1241381929070596100,1
1230481099907903490,0
1245407590575529984,1
1246080814925918208,0
1230339828358602757,0
1242586589051736064,0
1240158947371126790,0
1245382790889136128,2
1244002909710217216,1
1245446020143726594,1
1234003118762926080,0
1222904172116230149,1
1246353735099527168,0
1245451634676727808,0
1246091556517445636,2
1225637477450272768,0
1230343732525850624,0
1232123901255176192,2
1241134247152439296,1
1226141299511660544,1
1246459846196473863,2
1245036815335092224,2
1240940690017619968,0
1239916534371246081,0
1240760627951525891,0
1230160073168568322,0
1245360157401333761,2
1233818602807156736,0
1245565838729469952,0
1228325304252407808,1
1247622924434952192,1
1245359905214734336,1
1244809441624518656,1
1238002068448858113,2
1230530440118886403,0
1249398464082935808,0
1249595657381466113,0
1245590999260205056,0
1246908375381745664,0
1246426230855028736,2
1246412831781572609,2
1235470280098627586,0
1240784616237043712,1
1233123452212699141,0
1230287317346242560,1
1240236951132950530,0
1230378725889449985,0
1244174906553597959,0
1244619761289396224,0
1238624570179018753,0
1240311419171635207,0
1240691336350543872,0
1239138607606239233,0
1245874390438301696,0
1233611883510321153,0
1245885720775888897,0
1230506014677651467,0
1225599899388895232,1
1243528755764748288,1
1240016467094953984,2
1230561678799958020,0
1245422313467772930,2
1243296983542095873,0
1237971244860895232,0
1230318435961331712,0
1245348820201938945,2
1230519574178729984,0
1232992052670918657,2
1233586419823562753,1
1236819384422801409,0
1251156630227398661,0
1232359314960080896,0
1230345012564680706,0
1245525140508536833,1
1233319000379183104,0
1234082919746015232,0
1244555505806147592,2
1230552790973345807,0
1245399872452227073,0
1246490706228596736,1
1248672208286859266,1
1240409269276565504,0
1247533512195891206,0
1244338134776557568,2
1243369027432525824,0
1247050684467298305,1
1244442208704569345,0
1246098412807901194,0
1246439201677156352,0
1231375381115985920,0
1238242338943664129,1
1245935599711916032,2
1245198606765711362,2
1246143112856166401,2
1230471869070839809,0
1233621206047154177,0
1232150034126266369,0
1245131183823912962,0
1245366794107400192,0
1239764442507882498,2
1240282531192287233,0
1246067940576776193,2
1224364653033058304,1
1245359156925775875,0
1221315282402066432,0
1230363167714353153,0
1230599046982553600,0
1230618033359593472,0
1240969450595246080,1
1230387555402567680,0
1244452439048085505,2
1245067164769488897,1
1230472830292316160,0
1243954069510684674,0
1238121375207997441,1
1233596654575640576,0
1240142329442381824,0
1245151320199307264,2
1247997872521396224,1
1230467518378184704,0
1246740025368350720,1
1231395514672992256,0
1232311166384214019,0
1244987620012294147,0
1237817772933033984,0
1245726902637084672,2
1236394174427078656,0
1245120735720419333,0
1244444441311657984,0
1230576298709286912,0
1246567055941423104,0
1245198797661188096,0
1244492852081680384,2
1230548374514020353,0
1244160747191431169,0
1230286257445462016,0
1233029200799506434,2
1232451876072804353,0
1245115754799865856,0
1245845509014614016,0
1238239637627211776,0
1245326829734551552,2
1236925666483937280,1
1229052889089429505,0
1244996323851436034,0
1232950584266895360,2
1233777637958524928,0
1245681606104399875,2
1230332778765410304,0
1235974953083731975,0
1232174902393868288,2
1238101305123639298,2
1241623915245580288,1
1244600958308495361,1
1246090200528216064,1
1242264584171315201,1
1244550219120836609,0
1239990267828109314,0
1244783837911056384,2
1245309723361955843,0
1234369220382576642,0
1238435409404796931,0
1241109587077419008,1
1246429935134220289,2
1236861068238098433,0
1238252547690946561,2
1247859090661015561,1
1237919595694108674,0
1243588008642838528,0
1230326776267788289,1
1230604165371564033,0
1240249901407232000,2
1241509638735949824,0
1241791350149754880,0
1240312504103743488,1
1230471203732762624,0
1230607931592368132,0
1246288852865691650,0
1246491569185632256,2
1230565100915843072,2
1246422671199436801,0
1245109913711292416,0
1245363477562232832,2
1233676141078040576,2
1227058398153195522,1
1246381840417472513,0
1245062656559644678,0
1248617766988349441,1
1240250699738480641,0
1230513722231316486,0
1237968283191529472,2
1245388495427964928,1
1230572369120546816,0
1238530183646208000,0
1246080979174920199,0
1230307377947250688,0
1237595666550902786,0
1230346319308316672,0
1245014800167403520,0
1244362073863225344,2
1231237606773600256,0
1243426849826340865,0
1245529175424774145,2
1228635621041856514,0
1244362261851930630,0
1230510929713844225,0
1241264863210504193,1
1244555955091566592,0
1246179184818434051,2
1247983331058184192,1
1243998790740250624,0
1244253929174523904,2
1230574719268605952,0
1232917760168079360,0
1240039710463946754,1
1248031473137078275,0
1246303093203046400,0
1230605991433076736,2
1239721702659063809,1
1234016166701453312,0
1244852105229279237,2
1232839439627542528,2
1239769383272091650,0
1247475316060291074,0
1230544278192975873,0
1237930089712476160,1
1243722717808988160,1
1243406072078991362,0
1249578468267962369,0
1246021155657408514,2
1230355424974692352,0
1240690999900307456,0
1240316000819609606,0
1244622509783293957,2
1236358878721241088,0
1245005769260404736,0
1230298094660657152,0
1242600517601308681,0
1248624060361138176,1
1230354443050213376,0
1238023757324636160,2
1230516133842706432,0
1245200062801739776,0
1233771294912442370,2
1230326270036066306,0
1244449216048627716,0
1244670247342346241,2
1233982307888852994,0
1243111145784791043,2
1241504631609593856,0
1246497008665464832,2
1222950282931236864,0
1232403642851962880,1
1224793106383622144,1
1249500958389919745,0
1231114223469678592,1
1230042838936752128,1
1244661354532720643,0
1245245879063216128,2
1244884501764825089,0
1245566006484799489,2
1230622484900106240,0
1242733698266660864,1
1230519588124844032,0
1230339684003274752,0
1242185926626902016,1
1240589780448161793,1
1244271704269963265,2
1242198622596456450,1
1245425432293519367,2
1246150026398556161,2
1236848064633192449,1
1245649824273149954,0
1245502569650274310,1
1245446634500063232,2
1233718140904800257,0
1232295158584152064,0
1248038094538002432,0
1232880236695576577,0
1234938938235785216,1
1245627385979928577,1
1244282958548094981,2
1248839746731663361,0
1243704920882024448,1
1230588415458107396,0
1230374271219884032,1
1246055235522564096,1
1241349156435677185,0
1226434372477153280,0
1237243781390503937,0
1246250380113166336,2
1234831981554348033,0
1246109201644113921,1
1230361379749498880,0
1230107368685371392,0
1241358817935441925,0
1244414445620625408,2
1221087940555620352,0
1246061510683582464,0
1230544724403994625,0
1246083047117729796,0
1237370910757113856,0
1231405769276284928,0
1240781045106200576,0
1237918404713107456,0
1230568793757192192,0
1232408490901008384,0
1237991835135553536,0
1230376318413549569,0
1232176314314084352,0
1244273444826632192,2
1245377868516872193,2
1245698261073170434,0
1230408340804497408,0
1245887583562928129,0
1245457357330620416,1
1239841895511142400,0
1243418747383083009,0
1230553609739177984,0
1244356935471599616,2
1248096525084852224,0
1229642591072899073,0
1230603267899613184,0
1230333065504808960,0
1232885324944224256,2
1232451689946337285,0
1244345024562827265,1
1233056820312317952,0
1245154507534807041,1
1243026399645986817,2
1232138729495515136,2
1226976674916507651,0
1244181275654660096,0
1243929780346552321,0
1230747094006128642,1
1233614730813681664,0
1226745049678925827,0
1245250323825881089,2
1237453728925523969,0
1240907382672125952,1
1230401729352462336,0
1230571877900443648,0
1237242799482789888,1
1230616756546228224,0
1238527709975805952,1
1243547966108921856,1
1245550065336360960,1
1244805281860800515,0
1245394474672496643,1
1235598430724071431,0
1250666727421218823,0
1230385529201528833,0
1238022948201664512,1
1222750630391042048,2
1244454276333596672,2
1230567034737627136,0
1237493585886490626,0
1246383647021830145,0
1247129512304934912,1
1240782564316442624,1
1246183960779972608,0
1244535027431624704,0
1244165638697799680,0
1238179420252311553,0
1232303484386435074,0
1235066360754925575,0
1233089172455542784,0
1230596778690568221,2
1232343533396353025,0
1230562751581343751,0
1232334502640443392,0
1238088970254204934,2
1244945731099578368,1
1244955791196663809,0
1237983891157180416,0
1243720601333682177,1
1234450907598917633,0
1244367270723219456,0
1245706456214765570,1
1249051654587965440,0
1245491805094895626,0
1241430362263367680,1
1246012894703124480,0
1232946404412153858,0
1241055201269817346,1
1232346422143373312,0
1247548685631639554,1
1233139948833976334,0
1246163011921940488,2
1232986034117410816,0
1230609684882743303,0
1232808235096256513,0
1244606670854111234,0
1245777137929342976,1
1246329652446203905,2
1233236160329199622,0
1245714890582614019,0
1244542114337361920,2
1249040743135510528,1
1238066182592376832,0
1250616031426473984,0
1241809992216457216,1
1232094156677189632,0
1230302578832855043,0
1230442639398506496,0
1233936203231031296,0
1222674204564369409,0
1246504604361281542,0
1244307920449179650,2
1230171113566633986,1
1238049404982112257,0
1247588260165160960,1
1230418184878071810,0
1245762478929141760,1
1233092928937041921,0
1251027962595442688,0
1225857509728178176,1
1230618360553099266,0
1245200649068765185,2
1230311253211521024,0
1251164638210899968,0
1246101034000359424,0
1225969878978314241,1
1223234398939680779,0
1234216539890634753,0
1223810899334455296,1
1245468361330290688,2
1240294270931795968,0
1230557492909760512,0
1240866773773234181,0
1245502325931814915,2
1232215927803920385,0
1233661416202231808,0
1244734635189383170,1
1230462290983636992,0
1241551721073127424,1
1244819317176193026,1
1243172067060723713,0
1242072225840324612,1
1246136012432179203,0
1232331698676748288,0
1244866758546272256,2
1237506365590917120,0
1248814990728908800,0
1231962077666926601,0
1232417813391986689,2
1243060412632821760,0
1245457619365408768,2
1230615632657494016,0
1245307451517186049,2
1245290022833659905,1
1230377722246860800,0
1244464234106441731,0
1240309182705868801,1
1227358700567977984,0
1245076863661174784,2
1245723106720669696,0
1239961232590827520,0
1246039166674259968,2
1230430495076429824,0
1243611176635752448,1
1230340207393869824,0
1233062146981928963,0
1245929508445646849,1
1222103667827863558,0
1245408273957892098,0
1249333053597630469,0
1245725771466973190,0
1245179645294600195,0
1240661776527699968,0
1245474623073873920,1
1245775549810667526,0
1240867197230231552,1
1230640186331033601,0
1245730985553125376,1
1231097363227435008,0
1230733383476510723,0
1250093217590231042,0
1238855958622638081,0
1242821318418083845,1
1244652889701855233,0
1233753130556260352,0
1248687207948464130,0
1232259827423801344,1
1230420763536003072,0
1230592324440383494,1
1245019558194434050,0
1230425264011628544,1
1243378222105939970,0
1248711751547457541,1
1230665328620982272,0
1244575209761517569,0
1244043308780961794,0
1230487842201198593,0
1231137636376408065,2
1243418715288260610,1
1244912277142343680,0
1237329792569090050,0
1243375764541542400,0
1232866699113828352,0
1230611722731446279,0
1241475892624257024,0
1247049636952469504,1
1239721549546086401,0
1241629425491480576,1
1245504068732309510,1
1245405077566902276,2
1244841812793032704,2
1245364818028236800,0
1244584721327120384,0
1233089843590074368,0
1240149701170802688,0
1249234165448359936,0
1237992535026323457,0
1240309701507575815,1
1245497008388853761,0
1243883434461847552,1
1225307627732623360,0
1232302135775199232,0
1230136529735094272,0
1232133189176582144,0
1224470247949971457,1
1240772388813287425,0
1244620122259517440,0
1227583421662167041,0
1230469201325895691,2
1244259395262918656,2
1236014370557132800,0
1230515573592858624,0
1244241938041184260,2
1237904731197935617,0
1246005639878451201,0
1230544104418725893,0
1231111513408069633,2
1245621873108324357,1
1230564071251951616,0
1244353923835715584,0
1247198566147334147,1
1245207039552286720,0
1240581950995230720,1
1245353094927572992,1
1239997685861691393,1
1233108506984747008,0
1246205926861729792,2
1246224373763043328,0
1228453783572606976,0
1244439380443316230,2
1240469091099475970,1
1244328618291007490,0
1248967023729815553,1
1237929238063230976,0
1245131220050214920,2
1244492395044941826,0
1242782584821755937,0
1230365939662610432,0
1230532769618546692,0
1235255154187866113,0
1241550365478150145,0
1240282686293491714,0
1244659521579921408,2
1232236887756066816,0
1233018662715609088,0
1246994832272351236,1
1248030294483091459,1
1237224888533909504,1
1237007578900713475,0
1245371476863221760,0
1237439394816176128,0
1245571980276822017,1
1231161514708459526,1
1246251292034465792,1
1230292443670683655,1
1240047860789530625,0
1230620491662217217,0
1237155670199173120,0
1248674708024954885,0
1231306026428792841,0
1237896958800355329,2
1237182342067879943,2
1245334407738724354,2
1230291581212778496,1
1245144070412029952,1
1229949287402016768,2
1245499436177842176,0
1240462996582825984,1
1234345220902281216,0
1244207944826122240,0
1238088542120632321,0
1245902009724743680,2
1230322884662321152,0
1245327460889231361,2
1242659627780599809,0
1237900579273310210,1
1244651054546878464,0
1230551107878846470,0
1245447311003725824,0
1230568715382472704,1
1247521501315653632,1
1244562937320103936,0
1243055887838613504,0
1232124763448823808,2
1245141132297809920,0
1230585575050293249,0
1232892166940192769,0
1233145329089859584,0
1245969610181992448,0
1233783706818576385,0
1246187704116789248,1
1230452117451759621,0
1247622539926437890,0
1237061697828839425,1
1234325290995867655,0
1232958056461455360,0
1246797439920738306,1
1249028618623356928,1
1233941867537944577,0
1246417955119869953,0
1225445083358670849,1
1246107120552095745,1
1231875582901678082,0
1232846465170427904,0
1248960107053899778,0
1244794380633788418,0
1240787013869027328,1
1238488122607820806,0
1240006071185522695,1
1245351505982521346,0
1230412078122356736,0
1229655541074391040,0
1234020981020209152,0
1247460954138226690,0
1230138261940690944,0
1241921910520324096,1
1230339316351524864,2
1247282109435256833,1
1242856556099764225,1
1232869306582564864,0
1244446460579438592,2
1245048749983817729,2
1244480562309599237,2
1228261618838102016,1
1231463962023100421,0
1230588284310609921,0
1243261101195714560,1
1245715351188488198,2
1246120925474492417,1
1245460949529755649,1
1245866215131598850,2
1244944122424832000,0
1228740853339914242,0
1224205422908919809,0
1246218366798397441,2
1250848617167876097,0
1232398940974338049,2
1246161002837585920,2
1244581376868769793,2
1237968266443644928,2
1243548486160826369,1
1230443668558897153,0
1243256562648371200,0
1244354252195147776,1
1232143698739310593,0
1232839669412515845,0
1230555785282891777,0
1232858057261998080,0
1245277824661049344,2
1230415203646361601,0
1241951415347666944,0
1245023396100005889,2
1246016998577864704,0
1230285588172955648,0
1245063233154813956,0
1245384039026044929,2
1233747508003631111,0
1244778358660984832,1
1230570182382211072,0
1247581094054150145,2
1240311288972087299,1
1243571088606375936,1
1240870037025509376,0
1246252849752707072,2
1245432900314488832,2
1241186002816753664,1
1245123593970778119,0
1233638136397299712,1
1230602785328160792,0
1245112459779805185,2
1246380394599104513,0
1241957388179079168,0
1240491148952645632,0
1246475161437499392,2
1241508976971390977,0
1237267911078596613,0
1243328996760322048,1
1247130074517852160,0
1230574930204426240,0
1245322889093689344,2
1244665688557588480,1
1232303455793926144,1
1246072423620972544,1
1246138387175804935,2
1243570099828768769,1
1246470586445918208,2
1246549361963794433,0
1230341694266073088,0
1233095778169696257,0
1243016406435803136,1
1245640244449304576,2
1230516667135877121,0
1242213117108432897,0
1230287501840924672,1
1246106717030469637,0
1237369001795153920,0
1233038907731779586,0
1232255748496875520,0
1230439623198990336,0
1240262712845897730,0
1233048674739113986,0
1246097673486127106,0
1230401261884801026,0
1237894337628794880,0
1245061372683194369,2
1233821865325539329,0
1245194551209459712,0
1245282961546596354,2
1230574625047879681,0
1245115897641152512,1
1237251360900485121,0
1243245468143874048,0
1234433982739017729,0
1229876112643284994,0
1246105789686853632,0
1246183853720551426,0
1244867793687736321,2
1244855153649258497,0
1248052681781981187,1
1237421413138661377,1
1244986695851761667,2
1233087142756220931,0
1232386974205579265,0
1230494208231866370,0
1244871096790327297,2
1234898932255395841,0
1232201260608184320,1
1232892793997201409,0
1231970964952506368,0
1245345808876212229,0
1230317945768808448,0
1234559224006545408,0
1246535165771255808,0
1245961785888444417,2
1230565980788543488,0
1244451077187088384,0
1230399085871394816,0
1237911072872394753,1
1230608614953324546,0
1242128348802924547,0
1233711488818438145,0
1227728871602245632,0
1241846820902445057,1
1231726283207401472,0
1241344647626022914,0
1248669849515147264,1
1246395357225005057,0
1243928622789869573,1
1235976664942645250,0
1245366780656263169,0
1244998928153665542,0
1241342643214442496,1
1247264877971943425,0
1247032465698492416,0
1245410542946152448,1
1239905524130426880,0
1230605915436568579,0
1232742522272800769,0
1246184401332994048,2
1245077662424498178,2
1248055618394447872,0
1241420359611682819,0
1245413952391184385,0
1244218933520945153,2
1230290655055712257,0
1245554943240503296,0
1247666758359470080,0
1244627019188645888,0
1230594382082039817,0
1230305925371592705,0
1230547550559588352,0
1244385949695578112,2
1245187435975200769,1
1230585393973800964,2
1226065437449969664,0
1245046053193297920,2
1230372513814896640,1
1232057540529262598,0
1230552869297766403,0
1229445222393929730,0
1240297850577334274,1
1238063623878008832,0
1230298844950216705,1
1245191068636688385,1
1241475039142150144,1
1246022058775117825,1
1247814752174137345,1
1242213085961748480,0
1248148275213086720,1
1230410032694648832,0
1230390422226128897,1
1247281556345012224,1
1230547294853795842,0
1230285597970968582,1
1232451464611557376,2
1232361175058350081,0
1230541038386679808,2
1240467509796462593,1
1247266472835112960,1
1230346373050093569,0
1230408515983986688,0
1230336469144875008,0
1232897553924067329,0
1230579633638137856,0
1238085795317198851,0
1245370716008177664,2
1233062300061323264,0
1245019910574493696,1
1248641457323302912,0
1246568230556028931,1
1230567473273069569,0
1244318424311857153,2
1244178684946395137,1
1244296588370927616,2
1230540866198102021,2
1232869903167823872,0
1243231068943257600,0
1239949508680847360,2
1230464595547979778,0
1240308323154636805,0
1249532638047735808,0
1232318575332876291,0
1241046728687505409,1
1244855830635319296,0
1230041716503146499,0
1245666277856690179,2
1244614094457417731,1
1230291138466254848,1
1232909090466099202,0
1233102416788148224,0
1222921928492507136,1
1237313661519052802,0
1230420576940023812,0
1225400672314507264,1
1241491276261986304,1
1237917204659589120,0
1230621431853006848,0
1233236337278341126,0
1246126181822365697,2
1245514154191929344,0
1235965323364483072,0
1230507772237799424,2
1230326970870747137,0
1230486745625616384,1
1242617102701400064,0
1237930006216613888,2
1244367378084851712,0
1245774289946791936,1
1233653358071672834,0
1242182619669897217,0
1230546765708955648,0
1230509932451110913,2
1246759288439259138,2
1250458557792870405,2
1237934636216356865,1
1243428785610874880,0
1244310429280505857,0
1247338031142535168,0
1230324167423221761,0
1230609976403648525,0
1230394516689080321,0
1222558786591711232,0
1244770152429703168,1
1249025835211862017,2
1240563162128068609,1
1229063012872523782,0
1246054612894973953,0
1246447854492635142,2
1244316893831483392,2
1237222494416797696,0
1237382486725758978,2
1244298496468975617,0
1243163100418842625,0
1234013548445081601,0
1230508983464734720,1
1248745840790761473,0
1248021059892318209,1
1247636445600210944,1
1223191988767461376,0
1245439500601290753,0
1240310470650859520,1
1242137738767286273,1
1248611274763546625,0
1249040486376955904,1
1231669104702115840,0
1227349997345296385,1
1232146129653026816,2
1243412622738771969,1
1246206635627827202,0
1240584846159818752,1
1232370410697576448,0
1230333344212291585,0
1230114910484541441,0
1244900188201684992,2
1244633810521804805,2
1230281278618001408,0
1230496166556708864,0
1240613602240991233,0
1240330700210999298,0
1232947407488311296,1
1233964423620055040,0
1246520583979966468,2
1245425284272119808,2
1244081859098587141,0
1244982960777859072,2
1232887457437237250,0
1244917696090607616,2
1232088362825199618,0
1246430442661851137,1
1230602188700844033,0
1232929112588554240,0
1245036654756130818,2
1230278406647889920,1
1230491371229863936,0
1237498952867602433,1
1244782733810757633,2
1241455033234804737,1
1230543990933590018,0
1245622729740439558,0
1248851678377299968,1
1239697785580064768,1
1244639833063997441,2
1224866675616616448,1
1233729699811033088,0
1245984248655314945,1
1233756742468677632,0
1230887314642989062,0
1233079512369442816,0
1245104702380888064,1
1244458616381296640,0
1241593634278895622,1
1246121881549377536,2
1246417723040636928,0
1230611288826548226,0
1230528860451676162,0
1233052728793976833,1
1230551584372690944,0
1230642955582496768,0
1245333407699263489,0
1240083760135188481,0
1241922304927383553,1
1245479021745332224,0
1241097787716112390,0
1230578427528265733,0
1244208778800533504,2
1245570546047152134,0
1243753226077429764,0
1233758168246865920,0
1230295508075208705,0
1230670222971035648,0
1241523493167960064,1
1233153264633315328,0
1244899410724761601,2
1241154570203598848,0
1246557786483417095,2
1245000460160942080,0
1236381666656104448,0
1240639324003209216,1
1238031202080219136,2
1239779966327414784,1
1250305732815118337,0
1244214284625670144,0
1230585788817182725,0
1244334131133255680,0
1244320491088666629,2
1241046768630013959,0
1246206677268848640,0
1241418998396235777,1
1246071914046672896,1
1242484737530187778,1
1246562284371087361,1
1222944991141597184,0
1243389330749448194,0
1233831252446154754,0
1230582673439100933,1
1230434664344473600,0
1242824129943711746,1
1247678126194405379,1
1240293537205321728,0
1246360924161748992,2
1233070034185936896,2
1247319711618150407,1
1237047973386780677,1
1245947634222657537,2
1245363570117734410,2
1244040674904657920,0
1240996016935055360,2
1244314857131913219,2
1237313599531442176,0
1245079587245051904,2
1232854341255602177,0
1245370561850527746,1
1245311613856612352,2
1232895918975766528,0
1237894881688911872,0
1248685916740145152,0
1244998690277748736,2
1237209995764252672,0
1241527016119078912,1
1250734769270210563,0
1242680465481490433,1
1233172190130057218,0
1245700026459926528,2
1246186908574769155,0
1233304848528965632,0
1230643187754110976,0
1230525905270984705,0
1246359981865172995,2
1233147678479003650,2
1241428641344610305,0
1246569177399189506,1
1232891826375462912,0
1246932798323208192,1
1230289523864506368,0
1239696777957302272,0
1244502499328806913,2
1240493391000907776,0
1237146951247896577,0
1234034343615586310,0
1245286806330806273,2
1245113161184956416,2
1232854770060320768,1
1230331090608500736,0
1246167844263309312,2
1241618624344985600,1
1246459621524377601,2
1230606735527690240,0
1229713893896806400,1
1242887197746810882,0
1246206309122412548,2
1233681266387673089,0
1230542344405110784,0
1246435215154782208,2
1241030258817740804,0
1236553175642943489,0
1245310438230949888,2
1236407961284722690,0
1242251255382245377,0
1244336140099956738,2
1232826721570885632,0
1237981293889171456,2
1243688983328182273,0
1247212389772091400,0
1230325122302726146,0
1244790731232985095,0
1245433729239134220,0
1242873031011094528,0
1245316714277089283,0
1244708601324802050,0
1245607169090699265,2
1245558563331702787,0
1244341105879142407,2
1232942748124295169,0
1230023113468973056,2
1235653573771505665,1
1245853948268838913,1
1244972102639329282,0
1246104268739764224,1
1238788508816310272,0
1240345862884245504,0
1245046393405874180,1
1244242535679213572,2
1233591503588642817,0
1230870598697484289,0
1240168558232928257,1
1244302200911925248,2
1244831007397695490,0
1242241487028412416,0
1232433800048570368,0
1245451647511191552,2
1245499720409047040,0
1244278568856645638,2
1244389476014542849,0
1242103678133309451,0
1244644500498243585,2
1232088103411703808,0
1244672949854101504,1
1233176634686992384,0
1245296572063264769,1
1230570810823315456,0
1238095243305779200,0
1241778664158756864,0
1246162441999994880,2
1230596312107798528,0
1245355729059344384,0
1230609203804463113,0
1244358542339031046,1
1245538375916027905,2
1229333605337456640,1
1244462262540062720,0
1241150597891571712,1
1245407478805860352,2
1230327691083157504,0
1233128225989111809,1
1236157273119973376,0
1230612882666053632,0
1245868360878850051,0
1241032839019270145,1
1223755796690767873,0
1233591473293209605,0
1230482808457527297,0
1245947402437058560,2
1240785284742008834,1
1246023449983803399,0
1232926426753458177,0
1233664346544201730,0
1232090835610750978,0
1240611885529128963,0
1240754182187032580,1
1244866305896804353,2
1233128317869600787,0
1245884589505228800,2
1215597243358752769,0
1244899032771604480,2
1245315001839161344,2
1244337854169284611,2
1244584620945006595,0
1241378710827069441,1
1244717590888321024,1
1237947209804591104,0
1240967755873976321,0
1244214296940290048,2
1245165663808880640,2
1246269312601489412,0
1242290566794113024,0
1246277612919500801,0
1230530811574747137,2
1229932879540563970,2
1243972639133229056,1
1245094790523428864,2
1244581499199873024,1
1230378626316734464,2
1251111623718105090,0
1241189386177269762,1
1237181251934728192,0
1230430403216805889,0
1227048240362606592,1
1247941520549969922,0
1247718475373654017,0
1245173680910544896,0
1245994901239738370,2
1246512274728239115,1
1244452623618576388,2
1241965851856629762,0
1230565289969909762,0
1230431777073684485,0
1233660509334859779,0
1223112060067647492,0
1236718046250598400,0
1246299238218248198,2
1244406069943660544,1
1230638130266615808,0
1233094818861060096,0
1246112173765656576,0
1242418266708066305,0
1221256365987024896,2
1230292706414530560,0
1236742129940074498,0
1230554187777204225,0
1230495259320340480,0
1233150920608944128,0
1240241142882582529,0
1246580748884348930,1
1247856823618723840,1
1230567454234906624,0
1246179897258770446,1
1242465797676494849,1
1246451993649893381,2
1245158945557274624,0
1242411623593230337,1
1230396049316909057,0
1245699392348323840,0
1244291768704569344,2
1243345322903928832,0
1245703199887106049,0
1230544200229441539,2
1244413626963898368,2
1246809264255098883,1
1232848267278340097,2
1244464813578870784,1
1243249817746194432,1
1230718322276098048,0
1226067803179896832,1
1244874486123565056,0
1245754044020404225,1
1238270062135357440,0
1244262797170446339,2
1230410103712514050,0
1232987796777906176,0
1230156463710011393,0
1250654793544196096,0
1246285851430133765,0
1235075844155953152,0
1244807891250339840,2
1232413161371860996,0
1245546355503681536,0
1230289831621746688,0
1243168959890849799,0
1239688488280150016,0
1245905863812005889,2
1246615207729717250,1
1245368334582865920,2
1246315363710582784,2
1246496312889090048,2
1237171331722088449,0
1233142000003645441,0
1230294725409656832,0
1239689421756211200,1
1232873998918111232,2
1222073238609694725,0
1232096589361164288,2
1237193766919790593,1
1238018190581665793,0
1232910337114083330,0
1245587463365484546,0
1247758371832266755,0
1237949644002508800,0
1246467464143056896,2
1247988217128849408,0
1230596832264413196,0
1233149288630358017,2
1230556516719243264,0
1244242299468431361,2
1245479801428869120,1
1230307342106841088,2
1244925063524048896,2
1244844312371707904,2
1230546342293860357,0
1230509727550930945,0
1239267609062920193,0
1232867565229236226,0
1246234974543470595,1
1230482483025608705,0
1233049098560974848,0
1245409846960304128,2
1237474638395039746,0
1240382918272249856,1
1230589201726357504,0
1244960340879626240,2
1244579064159129601,1
1231114608376594432,0
1244500220442038274,2
1242169824366690304,1
1245453811126321153,0
1245399287812546560,1
1245457462456659971,0
1250590694533746694,0
1232122385760845827,0
1232261307493208064,0
1239724749606940672,0
1245367881392480258,2
1237895369465290758,2
1246375912595001344,2
1245177794323152897,2
1245308895662202882,2
1232336832064520193,0
1245684230555938821,0
1237515751612772352,0
1245464973108809734,0
1243598871869231105,1
1246429660885520384,1
1240955488117850112,0
1238010486471274501,2
1244951499677065216,1
1230322227981115392,0
1245141103545810947,1
1245257567137198081,1
1230542875328307200,0
1225954166184476673,0
1240783208712523776,1
1248523559846150145,0
1240350463259815940,0
1244625230473179136,2
1247297807494635530,2
1230647624136564739,1
1237208284752498689,1
1246226156409565189,1
1246187983578886144,1
1247605006544637955,1
1244653831192887298,1
1245598570822000642,1
1246105306226135042,0
1245613032434053121,0
1230619122360176640,0
1245268084203626498,1
1244914744537956354,0
1243458547301613568,1
1244300793395675142,2
1234414012017893376,0
1237368145200939008,0
1233666919510630400,0
1235893174490497024,0
1242246707871535104,1
1244447134054842369,0
1239568427100123136,0
1245584169603698690,2
1232444538536378369,0
1243398488362078208,1
1237985655826726912,2
1230550331366363136,0
1246439315678343170,0
1239936976079503360,0
1241291695188213761,1
1246506213115711488,2
1230893114036019200,0
1242128592076668930,1
1241240939097542656,1
1248612897678176257,1
1244696664151113731,1
1233001175055773696,0
1232401244427345920,2
1246174267349311491,0
1232970721199943680,0
1232829489098280960,0
1237526673949483011,0
1242446742500638727,0
1244809642720493568,0
1243993065309835265,0
1246197982745317376,2
1243371531998240768,1
1243407292009082880,1
1231123047031152640,1
1245467026459680771,2
1244426164648599553,0
1234927068460331010,0
1230482581038206976,0
1237957923449507841,0
1233648097596788736,0
1233558409330544640,0
1236399898561478668,0
1238036235014324224,0
1246493759908397056,0
1241052928447741953,1
1245025662118670337,2
1243769925161734144,1
1240035953239965696,1
1246386221422649344,2
1232428150463827968,0
1230319928965816320,2
1240731677376294915,0
1245938221810200577,0
1237228830676398082,0
1238037112236019712,1
1246497901540519937,1
1243671111671394305,0
1241901288935182336,0
1241852358771916802,1
1232855358013616128,0
1230322742844510208,0
1240064231179005952,0
1246133971613777921,0
1247993418829033476,1
1230539635664670721,0
1246229852581224449,0
1248164249429594112,1
1244363391684227072,0
1246637588179542018,1
1235270170349887491,0
1230618021305163778,0
1240682926943154180,0
1237232528265748480,1
1230476748338319360,0
1238083823541329922,0
1249741673812217856,2
1243972433503084546,1
1237493715477729281,0
1232354521805926400,1
1237901945307881473,0
1244251204907085825,0
1232129394648518656,0
1230389908902219776,0
1243339060464279558,1
1230302278306844673,0
1245420249459064832,1
1240261860282322944,1
1245504215365169153,0
1232126564084723714,0
1230526391067660288,0
1244823743387455489,0
1230332229236088834,0
1245904687108362243,2
1230324407396110337,1
1244307332110008322,2
1244289583434444800,2
1230293130471034880,1
1244465874494423041,0
1243072978667044864,0
1246120049623977984,0
1237754230959677441,0
1230355001366609921,0
1244508875362951168,1
1245446986670596096,1
1246465552912089089,0
1233922321326407680,1
1246454879381598209,1
1240740148050112512,0
1248600972118519813,0
1237257278723698688,1
1240467203163652096,1
1244417370761789441,2
1230356070696148993,0
1230613636160221184,0
1245512680653365249,0
1245451387711959041,0
1246113158990721030,0
1233643162922438656,0
1230499221775667200,0
1235243691293331456,0
1244843182312939521,2
1241372432071561217,1
1247814759841320960,0
1247934932044976129,1
1235959484268318721,1
1242236883096215553,0
1244833282434318338,2
1247691318450622464,1
1232888068165816323,0
1244415394951180288,1
1245340131554459655,0
1241281879887581184,1
1245082094042255361,1
1247859778539286535,1
1239873523847434243,0
1245373529672966144,0
1230495052037869568,0
1246271970812936192,2
1245363845125808128,2
1239630498252587009,0
1226700759145730048,0
1223053006565851138,0
1230384931060060161,0
1245916726757228544,2
1241123695919325192,0
1230323412096208897,2
1230367160649666561,0
1246477362579021829,2
1232454900275040259,0
1241399770532511745,1
1245345364196184065,0
1245687518894399489,2
1232216849422655488,0
1231115677945090048,0
1243999310464929792,1
1244653045088235520,0
1237949446551412736,1
1245875538721247233,0
1245029197791158272,0
1244465088519647232,2
1241035804438335489,0
1245929953842978817,1
1238046692043378689,0
1244542941714137088,0
1223056988835385345,0
1241009147195187205,0
1237945541989826565,2
1244793534307168256,0
1236997503767261184,1
1245098995006894080,0
1239799973249601539,0
1233744528932130822,0
1230334296810016768,0
1242959657699659778,1
1244379428286869504,0
1232855712386162688,0
1244039136018866177,1
1245898147777429505,0
1245885630036480000,2
1229409238570504194,0
1233936451596845058,0
1232937339422273536,2
1243389285283164160,1
1241777481268551681,0
1244297249338855424,0
1244874396507856896,2
1241553425323757570,1
1230479005142437888,0
1241112915974828032,1
1241644760734945280,0
1246454364706766848,2
1240656847327158279,1
1230510441962491905,0
1246416585956311041,0
1237329998064816129,0
1228599394175459328,0
1244381373026140160,2
1230373600558972928,0
1246106886128013312,0
1246161254542192643,0
1247620175962177539,1
1237952483625967616,0
1247246023296192513,0
1230292270580039680,1
1245346506502111232,2
1246434103857201152,0
1238043306661117952,1
1232349061790957568,2
1246003252480618496,2
1244667406666084352,0
1230358797539069952,1
1246276128664211456,0
1230567055096795136,0
1238090740271665153,0
1245074794128834562,0
1235708446609006592,0
1246083298432110592,0
1243543095481860099,1
1245900520629211137,2
1230441751644639234,1
1244475140001464320,0
1245292717321510912,2
1248603252142170114,0
1244996438846844930,1
1243650051337060352,1
1232361205135749120,0
1245721298212397056,0
1230569941637558272,0
1245230853615214593,0
1241342460409888768,1
1246277336862867456,2
1241629403416637441,0
1238090509148729345,0
1241135597550366720,1
1246308052921241600,0
1249665892390182912,0
1240328395956903937,0
1233997557656719361,2
1230528225551495169,0
1228494958564446210,0
1244918878301388802,2
1245956914422267905,0
1229095106864721925,1
1230614659750879237,0
1246525079078481924,0
1243971586404814849,1
1230442367997612032,0
1237508634503872512,0
1244462442756833280,0
1245085715584520192,2
1230578546076266496,0
1230476099890688000,0
1233760735341228035,0
1245981846594146304,0
1246089009069244423,2
1249394665092263941,0
1247657982512361472,1
1234969382255841286,0
1246444924813410305,2
1241757882921684993,0
1230306006627803136,0
1233553004374249472,0
1232312529206075392,0
1232939181636231168,0
1230610409729617920,1
1233034368689614849,0
1234841928761348096,0
1250616136229683200,0
1246218552182333440,2
1229683766345506816,0
1245714357134209025,1
1246375528858128385,2
1233759995902201859,0
1238095248624058369,0
1247562527074062337,1
1246025182889771009,0
1246586547316506624,0
1232287544538210305,2
1245299133105176577,0
1248624906540969984,0
1246999438033219584,1
1233222396833751041,0
1245523960126636032,2
1245421002894393345,0
1230480634302410754,0
1239993276100468737,0
1245356371849117702,0
1233816710223843329,0
1236710780264996869,0
1245117970810011650,1
